{
  "G": 6,
  "taus": [
    1.9999,
    2.0,
    2.0001
  ],
  "tau_spread": 0.00020000000000020002,
  "gamma": 0.5,
  "rng_seed": 20260429,
  "requested_seeds": 100,
  "tolerance": 1e-14,
  "seed_mode": "near_nonfr",
  "amp_min_log10": -14.0,
  "amp_max_log10": -8.0,
  "stage1_iterations": 120,
  "stage1_nearest_counts": {
    "FR": 0,
    "non-FR": 100
  },
  "distinct_converged_clusters": 1,
  "clusters": [
    {
      "name": "FR",
      "stage1_nearest_count": 0,
      "refine_iterations": 0,
      "refine_converged": true,
      "residual_inf": 2.220446049250313e-16,
      "revelation_deficit": 1.1102230246251565e-16,
      "max_fr_error": 0.0,
      "representative_u": [
        1.2000000000000002,
        -1.2,
        1.2000000000000002
      ],
      "representative_price": 0.9168273035060777,
      "representative_posteriors": [
        0.9168273035060777,
        0.9168273035060778,
        0.9168273035060777
      ],
      "fr_price": 0.9168273035060777
    },
    {
      "name": "non-FR",
      "stage1_nearest_count": 100,
      "refine_iterations": 500,
      "refine_converged": false,
      "residual_inf": 2.902968048307253e-07,
      "revelation_deficit": 1.4622347777049072e-10,
      "max_fr_error": 0.00012600666707354713,
      "representative_u": [
        1.2000000000000002,
        -1.2,
        1.2000000000000002
      ],
      "representative_price": 0.9168089257546437,
      "representative_posteriors": [
        0.916808865275617,
        0.9168089695942389,
        0.9168091658407489
      ],
      "fr_price": 0.9168273035060777
    }
  ]
}
