{
  "13": [
    {
      "G": 13,
      "trim": 0.05,
      "coverage_pct": 90.0,
      "max": 2.7755575615628914e-15,
      "med": 9.71445146547012e-17,
      "u_viol": 0,
      "p_viol": 0,
      "1-R^2": 0.11032515567021184,
      "slope": 0.3125750925098474,
      "status": "strict_NK",
      "t": 225.4155433177948
    }
  ]
}