{
  "13": [
    {
      "G": 13,
      "trim": 0.05,
      "coverage_pct": 90.0,
      "max": 2.7755575615628914e-15,
      "med": 9.71445146547012e-17,
      "u_viol": 0,
      "p_viol": 0,
      "1-R^2": 0.11032515567021184,
      "slope": 0.3125750925098474,
      "status": "strict_NK",
      "t": 225.4155433177948
    },
    {
      "G": 13,
      "trim": 0.045,
      "coverage_pct": 91.0,
      "max": 3.885780586188048e-15,
      "med": 5.551115123125783e-17,
      "u_viol": 0,
      "p_viol": 0,
      "1-R^2": 0.11065854452945711,
      "slope": 0.315224076235335,
      "status": "strict_NK",
      "t": 224.34443831443787
    },
    {
      "G": 13,
      "trim": 0.04,
      "coverage_pct": 92.0,
      "max": 4.6629367034256575e-15,
      "med": 5.551115123125783e-17,
      "u_viol": 0,
      "p_viol": 0,
      "1-R^2": 0.11057278837414375,
      "slope": 0.31823786209834914,
      "status": "strict_NK",
      "t": 223.66002202033997
    }
  ]
}