{
  "params": {
    "G": 14,
    "tau": 2.0,
    "gamma": 0.5
  },
  "u1_fixed": 1.0,
  "p_target": 0.7942765002713962,
  "T_star_logit": 1.3508986048852363,
  "CRRA_contour_pts": [
    [
      -2.0530923731661104,
      3.5
    ],
    [
      -2.0512043100392763,
      3.1499999999999995
    ],
    [
      -2.0459916916173473,
      2.8
    ],
    [
      -2.0251053371342143,
      2.4499999999999993
    ],
    [
      -1.976028655048354,
      2.0999999999999996
    ],
    [
      -1.8366239823528236,
      1.75
    ],
    [
      -1.75,
      1.6378135532510023
    ],
    [
      -1.5635771705957953,
      1.3999999999999995
    ],
    [
      -1.4000000000000004,
      1.3084320671634342
    ],
    [
      -1.079367466928544,
      1.0499999999999998
    ],
    [
      -1.0500000000000003,
      1.0433912997264883
    ],
    [
      -0.7016751506215724,
      0.6999999999999993
    ],
    [
      -0.7000000000000002,
      0.6983162704856462
    ],
    [
      -0.3500000000000001,
      0.3615630238819719
    ],
    [
      -0.3444892095734492,
      0.34999999999999964
    ],
    [
      -0.0467652230744101,
      0.0
    ],
    [
      0.0,
      -0.0467652230744101
    ],
    [
      0.34999999999999964,
      -0.3444892095734492
    ],
    [
      0.3615630238819719,
      -0.3500000000000001
    ],
    [
      0.6983162704856462,
      -0.7000000000000002
    ],
    [
      0.6999999999999993,
      -0.7016751506215724
    ],
    [
      1.0433912997264883,
      -1.0500000000000003
    ],
    [
      1.0499999999999998,
      -1.079367466928544
    ],
    [
      1.3084320671634342,
      -1.4000000000000004
    ],
    [
      1.3999999999999995,
      -1.5635771705957953
    ],
    [
      1.6378135532510023,
      -1.75
    ],
    [
      1.75,
      -1.8366239823528256
    ],
    [
      2.0999999999999996,
      -1.976028655048354
    ],
    [
      2.4499999999999993,
      -2.0251053371342183
    ],
    [
      2.8,
      -2.0459916916173473
    ],
    [
      3.1499999999999995,
      -2.0512043100392763
    ],
    [
      3.5,
      -2.0530923731661104
    ]
  ],
  "CARA_contour_pts": [
    [
      -3.5,
      3.175449302442618
    ],
    [
      -3.357142857142857,
      3.0325921595854752
    ],
    [
      -3.2142857142857144,
      2.8897350167283324
    ],
    [
      -3.0714285714285716,
      2.7468778738711896
    ],
    [
      -2.928571428571429,
      2.604020731014047
    ],
    [
      -2.7857142857142856,
      2.4611635881569036
    ],
    [
      -2.642857142857143,
      2.318306445299761
    ],
    [
      -2.5,
      2.175449302442618
    ],
    [
      -2.357142857142857,
      2.0325921595854752
    ],
    [
      -2.2142857142857144,
      1.8897350167283324
    ],
    [
      -2.0714285714285716,
      1.7468778738711896
    ],
    [
      -1.9285714285714286,
      1.6040207310140469
    ],
    [
      -1.7857142857142858,
      1.461163588156904
    ],
    [
      -1.642857142857143,
      1.3183064452997613
    ],
    [
      -1.5,
      1.175449302442618
    ],
    [
      -1.3571428571428572,
      1.0325921595854752
    ],
    [
      -1.2142857142857144,
      0.8897350167283326
    ],
    [
      -1.0714285714285716,
      0.7468778738711898
    ],
    [
      -0.9285714285714288,
      0.604020731014047
    ],
    [
      -0.785714285714286,
      0.46116358815690417
    ],
    [
      -0.6428571428571432,
      0.3183064452997614
    ],
    [
      -0.5,
      0.17544930244261814
    ],
    [
      -0.3571428571428572,
      0.032592159585475344
    ],
    [
      -0.2142857142857144,
      -0.11026498327166745
    ],
    [
      -0.07142857142857162,
      -0.25312212612881024
    ],
    [
      0.07142857142857117,
      -0.39597926898595304
    ],
    [
      0.21428571428571397,
      -0.5388364118430958
    ],
    [
      0.35714285714285676,
      -0.6816935547002386
    ],
    [
      0.5,
      -0.8245506975573819
    ],
    [
      0.6428571428571423,
      -0.9674078404145242
    ],
    [
      0.7857142857142856,
      -1.1102649832716676
    ],
    [
      0.9285714285714279,
      -1.25312212612881
    ],
    [
      1.0714285714285712,
      -1.3959792689859531
    ],
    [
      1.2142857142857144,
      -1.5388364118430964
    ],
    [
      1.3571428571428568,
      -1.6816935547002387
    ],
    [
      1.5,
      -1.824550697557382
    ],
    [
      1.6428571428571423,
      -1.9674078404145243
    ],
    [
      1.7857142857142856,
      -2.1102649832716676
    ],
    [
      1.928571428571428,
      -2.25312212612881
    ],
    [
      2.071428571428571,
      -2.395979268985953
    ],
    [
      2.2142857142857135,
      -2.5388364118430955
    ],
    [
      2.3571428571428568,
      -2.6816935547002387
    ],
    [
      2.5,
      -2.824550697557382
    ],
    [
      2.6428571428571423,
      -2.9674078404145243
    ],
    [
      2.7857142857142856,
      -3.1102649832716676
    ],
    [
      2.928571428571428,
      -3.25312212612881
    ],
    [
      3.071428571428571,
      -3.395979268985953
    ]
  ]
}