{
  "figure": "fig_multicontour_B_hires_G20",
  "params": {
    "u1": 1.0,
    "tau": 2.0,
    "gamma": 0.5,
    "model": "CRRA_REE",
    "G": 20,
    "trim": 0.05,
    "N_grid": 200
  },
  "p_levels": [
    0.2,
    0.3,
    0.5,
    0.7,
    0.8
  ],
  "contours": {
    "0.2": [
      [
        -3.5000000000000004,
        -0.9594136251610237
      ],
      [
        -3.3944723618090453,
        -0.9594489917347224
      ],
      [
        -3.2889447236180906,
        -0.9594919044651367
      ],
      [
        -3.183417085427136,
        -0.9595423757999356
      ],
      [
        -3.1130653266331656,
        -0.9596032508949781
      ],
      [
        -3.007537688442211,
        -0.9597345042842911
      ],
      [
        -2.9020100502512562,
        -0.9598930048250339
      ],
      [
        -2.8316582914572868,
        -0.9600138486187386
      ],
      [
        -2.7261306532663316,
        -0.9602619309615033
      ],
      [
        -2.620603015075377,
        -0.9610451013150318
      ],
      [
        -2.550251256281407,
        -0.9617023048360238
      ],
      [
        -2.4447236180904524,
        -0.9628919640423891
      ],
      [
        -2.3391959798994977,
        -0.9643275263818022
      ],
      [
        -2.2688442211055277,
        -0.9659816515015516
      ],
      [
        -2.163316582914572,
        -0.9695968172343198
      ],
      [
        -2.057788944723618,
        -0.9741073199505339
      ],
      [
        -1.9874371859296485,
        -0.9775561153869532
      ],
      [
        -1.8819095477386936,
        -0.9844074786453029
      ],
      [
        -1.7763819095477387,
        -1.001337144776339
      ],
      [
        -1.7060301507537692,
        -1.0159925425805476
      ],
      [
        -1.600502512562814,
        -1.042862429260297
      ],
      [
        -1.5152440623224246,
        -1.0728643216080402
      ],
      [
        -1.4246231155778895,
        -1.1224565470399135
      ],
      [
        -1.3542713567839195,
        -1.1728659364431695
      ],
      [
        -1.2839195979899496,
        -1.2332058838172517
      ],
      [
        -1.21356783919598,
        -1.3054746450332444
      ],
      [
        -1.1464067289460396,
        -1.3894472361809047
      ],
      [
        -1.108040201005025,
        -1.4468467398286138
      ],
      [
        -1.0673198669946262,
        -1.5301507537688441
      ],
      [
        -1.0376884422110555,
        -1.61652898890055
      ],
      [
        -1.008366034817656,
        -1.741206030150754
      ],
      [
        -0.9952220043222608,
        -1.8115577889447236
      ],
      [
        -0.9813586342997312,
        -1.917085427135678
      ],
      [
        -0.9757874963411199,
        -2.022613065326633
      ],
      [
        -0.9725155427472169,
        -2.092964824120603
      ],
      [
        -0.9682695968552442,
        -2.198492462311558
      ],
      [
        -0.9649923440234286,
        -2.3040201005025125
      ],
      [
        -0.9638216031555551,
        -2.3743718592964824
      ],
      [
        -0.9624681554691181,
        -2.479899497487437
      ],
      [
        -0.9613601516923088,
        -2.585427135678392
      ],
      [
        -0.9607570913716177,
        -2.6557788944723617
      ],
      [
        -0.9601468609080872,
        -2.7613065326633164
      ],
      [
        -0.9599519070991555,
        -2.8668341708542715
      ],
      [
        -0.9598371388888395,
        -2.9371859296482414
      ],
      [
        -0.959687729685287,
        -3.042713567839196
      ],
      [
        -0.9595655406355862,
        -3.148241206030151
      ],
      [
        -0.9595247114150096,
        -3.2185929648241203
      ],
      [
        -0.9594767609881159,
        -3.3241206030150754
      ],
      [
        -0.9594363650342985,
        -3.42964824120603
      ],
      [
        -0.9594136251610236,
        -3.5
      ]
    ],
    "0.3": [
      [
        -3.5,
        0.8922702850382981
      ],
      [
        -3.35929648241206,
        0.8338865382282596
      ],
      [
        -3.2185929648241207,
        0.7725996514130313
      ],
      [
        -3.1130653266331656,
        0.7476767046791439
      ],
      [
        -2.9723618090452257,
        0.7552167148121515
      ],
      [
        -2.8316582914572863,
        0.7625958456078935
      ],
      [
        -2.7217233484156247,
        0.7562814070351758
      ],
      [
        -2.587106041193091,
        0.6507537688442211
      ],
      [
        -2.479899497487437,
        0.591838331913754
      ],
      [
        -2.3743718592964824,
        0.5391236562791042
      ],
      [
        -2.2526900380239336,
        0.4748743718592965
      ],
      [
        -2.128140703517588,
        0.4066509521347398
      ],
      [
        -2.022613065326633,
        0.34603758164714615
      ],
      [
        -1.8877500825631888,
        0.2638190954773867
      ],
      [
        -1.781481779033841,
        0.1934673366834172
      ],
      [
        -1.671356337743856,
        0.08793969849246208
      ],
      [
        -1.600502512562814,
        0.017664010100478352
      ],
      [
        -1.4970212667609617,
        -0.08793969849246253
      ],
      [
        -1.3904677697497558,
        -0.1934673366834172
      ],
      [
        -1.2839195979899496,
        -0.29596183277011656
      ],
      [
        -1.21356783919598,
        -0.36444099839265676
      ],
      [
        -1.108040201005025,
        -0.47001573503658367
      ],
      [
        -1.0025125628140703,
        -0.570997842917026
      ],
      [
        -0.9168578121260964,
        -0.6507537688442211
      ],
      [
        -0.8266331658291457,
        -0.7384600614131449
      ],
      [
        -0.721105527638191,
        -0.8443923675122431
      ],
      [
        -0.6357713847495634,
        -0.9321608040201004
      ],
      [
        -0.5452261306532664,
        -1.032372535795937
      ],
      [
        -0.43969849246231174,
        -1.1385239807478396
      ],
      [
        -0.3341708542713566,
        -1.2448699850400482
      ],
      [
        -0.26381909547738713,
        -1.3176387417758524
      ],
      [
        -0.15953888638788882,
        -1.4246231155778895
      ],
      [
        -0.05372968311599592,
        -1.5301507537688441
      ],
      [
        0.05276381909547734,
        -1.6356599540323193
      ],
      [
        0.12171914865612053,
        -1.706030150753769
      ],
      [
        0.21607743226088083,
        -1.8115577889447239
      ],
      [
        0.28237274205168295,
        -1.9170854271356783
      ],
      [
        0.36644518028951806,
        -2.057788944723618
      ],
      [
        0.4268944248618679,
        -2.1633165829145726
      ],
      [
        0.48387291399445265,
        -2.2688442211055277
      ],
      [
        0.5452261306532664,
        -2.3869102041601793
      ],
      [
        0.6088673200457303,
        -2.515075376884422
      ],
      [
        0.6776464970687097,
        -2.6206030150753774
      ],
      [
        0.7595687662691221,
        -2.7261306532663316
      ],
      [
        0.7607622086522816,
        -2.8668341708542715
      ],
      [
        0.7533291966855578,
        -3.007537688442211
      ],
      [
        0.7457938241368431,
        -3.148241206030151
      ],
      [
        0.7882290915314168,
        -3.2537688442211055
      ],
      [
        0.8487382738146538,
        -3.3944723618090453
      ],
      [
        0.8922702850382962,
        -3.5
      ]
    ],