{
  "figure": "fig_multicontour_B_hires_G17",
  "params": {
    "u1": 1.0,
    "tau": 2.0,
    "gamma": 0.5,
    "model": "CRRA_REE",
    "G": 17,
    "trim": 0.05,
    "N_grid": 200
  },
  "p_levels": [
    0.2,
    0.3,
    0.5,
    0.7,
    0.8
  ],
  "contours": {
    "0.2": [
      [
        -3.5,
        -1.0129574162604968
      ],
      [
        -3.3944723618090453,
        -1.0130191532644826
      ],
      [
        -3.28894472361809,
        -1.0130921896566765
      ],
      [
        -3.2185929648241203,
        -1.013147167698245
      ],
      [
        -3.113065326633165,
        -1.0132390799233857
      ],
      [
        -3.007537688442211,
        -1.0133423437074027
      ],
      [
        -2.9371859296482414,
        -1.0136190580631892
      ],
      [
        -2.8316582914572863,
        -1.0141952455105505
      ],
      [
        -2.7261306532663316,
        -1.0149282440873122
      ],
      [
        -2.6557788944723617,
        -1.0155044825450217
      ],
      [
        -2.550251256281407,
        -1.0165008707526852
      ],
      [
        -2.479899497487437,
        -1.0175169464731468
      ],
      [
        -2.3743718592964824,
        -1.0205095060418259
      ],
      [
        -2.2688442211055277,
        -1.0242518116745165
      ],
      [
        -2.198492462311558,
        -1.0271671524127952
      ],
      [
        -2.092964824120603,
        -1.0321764512607454
      ],
      [
        -2.000149542490687,
        -1.0376884422110555
      ],
      [
        -1.9170854271356783,
        -1.0480562242048537
      ],
      [
        -1.8115577889447236,
        -1.0647228863041853
      ],
      [
        -1.7412060301507535,
        -1.0778729378521825
      ],
      [
        -1.635678391959799,
        -1.101074398388022
      ],
      [
        -1.5301507537688441,
        -1.1287583781307378
      ],
      [
        -1.4597989949748742,
        -1.1609145924478264
      ],
      [
        -1.3894472361809047,
        -1.2086551988218583
      ],
      [
        -1.3190954773869348,
        -1.2673770093797985
      ],
      [
        -1.2487437185929648,
        -1.3399218993442332
      ],
      [
        -1.1835319791529573,
        -1.4246231155778895
      ],
      [
        -1.1432160804020102,
        -1.489567437565929
      ],
      [
        -1.1190054129148526,
        -1.5653266331658289
      ],
      [
        -1.0929633876664044,
        -1.670854271356784
      ],
      [
        -1.0728643216080402,
        -1.76651456360159
      ],
      [
        -1.05881033670041,
        -1.8467336683417086
      ],
      [
        -1.0432124732890886,
        -1.9522613065326635
      ],
      [
        -1.0359432403417512,
        -2.022613065326633
      ],
      [
        -1.0304214895138184,
        -2.128140703517588
      ],
      [
        -1.0256672447116237,
        -2.233668341708543
      ],
      [
        -1.0229205709023677,
        -2.3040201005025125
      ],
      [
        -1.0194290871017915,
        -2.409547738693467
      ],
      [
        -1.0168683406199683,
        -2.515075376884422
      ],
      [
        -1.016151093025678,
        -2.585427135678392
      ],
      [
        -1.0152075835179093,
        -2.690954773869347
      ],
      [
        -1.0146664305738384,
        -2.7613065326633164
      ],
      [
        -1.0139858055361608,
        -2.866834170854271
      ],
      [
        -1.0134616808840198,
        -2.9723618090452266
      ],
      [
        -1.0133066599572622,
        -3.042713567839196
      ],
      [
        -1.0132071821947377,
        -3.1482412060301512
      ],
      [
        -1.0131190494827629,
        -3.2537688442211055
      ],
      [
        -1.0130665874951383,
        -3.3241206030150754
      ],
      [
        -1.0129973197438358,
        -3.4296482412060305
      ],
      [
        -1.0129574162604968,
        -3.5
      ]
    ],
    "0.3": [
      [
        -3.5,
        0.8855723022528679
      ],
      [
        -3.3592964824120597,
        0.8929509549249836
      ],
      [
        -3.2185929648241207,
        0.9002160940509147
      ],
      [
        -3.077889447236181,
        0.9073520191878304
      ],
      [
        -2.9371859296482414,
        0.8780019057568295
      ],
      [
        -2.8316582914572863,
        0.8180921672668001
      ],
      [
        -2.7261306532663316,
        0.7530410176193287
      ],
      [
        -2.585427135678392,
        0.6580756853099814
      ],
      [
        -2.479899497487437,
        0.5850907031371245
      ],
      [
        -2.3743718592964824,
        0.5272771100066452
      ],
      [
        -2.2688442211055277,
        0.4740188433451183
      ],
      [
        -2.128140703517588,
        0.4075325222017156
      ],
      [
        -2.0226130653266337,
        0.35527280914113135
      ],
      [
        -1.8884047944705529,
        0.2638190954773867
      ],
      [
        -1.7947355915532848,
        0.1934673366834172
      ],
      [
        -1.670854271356784,
        0.09589635833187977
      ],
      [
        -1.5778298857516544,
        0.017587939698492594
      ],
      [
        -1.4949748743718594,
        -0.07065301095125352
      ],
      [
        -1.3894472361809047,
        -0.17558922696202123
      ],
      [
        -1.3049058231057025,
        -0.26381909547738713
      ],
      [
        -1.21356783919598,
        -0.3604997804811965
      ],
      [
        -1.1110092191538883,
        -0.4748743718592965
      ],
      [
        -1.0183969468175071,
        -0.5804020100502512
      ],
      [
        -0.9321608040201004,
        -0.6642246718853289
      ],
      [
        -0.8388124708475613,
        -0.7562814070351758
      ],
      [
        -0.7334126328320312,
        -0.861809045226131
      ],
      [
        -0.6507537688442211,
        -0.9462215866769372
      ],
      [
        -0.5585337071062761,
        -1.0376884422110555
      ],
      [
        -0.43969849246231174,
        -1.141550080863147
      ],
      [
        -0.3341708542713566,
        -1.2389114643884787
      ],
      [
        -0.24798535942422578,
        -1.3190954773869348
      ],
      [
        -0.158291457286432,
        -1.4073126125859776
      ],
      [
        -0.05276381909547734,
        -1.5111274904525183
      ],
      [
        0.0377458859781305,
        -1.600502512562814
      ],
      [
        0.12311557788944727,
        -1.7050451733840886
      ],
      [
        0.20697294758281404,
        -1.8115577889447234
      ],
      [
        0.2852011805384298,
        -1.9170854271356783
      ],
      [
        0.3693467336683418,
        -2.0514123832168147
      ],
      [
        0.4247854699427466,
        -2.1633165829145726
      ],
      [
        0.4748743718592965,
        -2.2707960575685817
      ],
      [
        0.5452261306532664,
        -2.406603654110216
      ],
      [
        0.6070289387129496,
        -2.515075376884422
      ],
      [
        0.6827159617966537,
        -2.620603015075377
      ],
      [
        0.7562814070351758,
        -2.7312372573085715
      ],
      [
        0.8266331658291453,
        -2.8462557424956607
      ],
      [
        0.8969314760242468,
        -2.972361809045226
      ],
      [
        0.9055737197910836,
        -3.1130653266331656
      ],
      [
        0.8984225285393668,
        -3.2537688442211055
      ],
      [
        0.8911116998317689,
        -3.3944723618090453
      ],
      [
        0.8855723022528683,
        -3.5
      ]
    ],