{
  "figure": "fig_multicontour_B_hires",
  "params": {
    "u1": 1.0,
    "tau": 2.0,
    "gamma": 0.5,
    "model": "CRRA_REE",
    "G": 15,
    "N_grid": 200
  },
  "p_levels": [
    0.2,
    0.3,
    0.5,
    0.7,
    0.8
  ],
  "contours": {
    "0.2": [
      [
        -3.5000000000000004,
        -0.576091621406091
      ],
      [
        -3.35929648241206,
        -0.5764215132713932
      ],
      [
        -3.2537688442211055,
        -0.5770048277689636
      ],
      [
        -3.148241206030151,
        -0.577783790531549
      ],
      [
        -3.042713567839196,
        -0.5787565773156775
      ],
      [
        -2.9371859296482414,
        -0.5799199107129644
      ],
      [
        -2.8316582914572863,
        -0.5814412503400294
      ],
      [
        -2.7261306532663316,
        -0.5816031517556997
      ],
      [
        -2.620603015075377,
        -0.581766408631241
      ],
      [
        -2.515075376884422,
        -0.5819310281242265
      ],
      [
        -2.409547738693467,
        -0.5820970172825038
      ],
      [
        -2.3040201005025125,
        -0.5822643830502072
      ],
      [
        -2.198492462311558,
        -0.5887907807288131
      ],
      [
        -2.092964824120603,
        -0.5983331267168348
      ],
      [
        -1.9874371859296482,
        -0.6090539445526594
      ],
      [
        -1.8819095477386936,
        -0.6220052816962764
      ],
      [
        -1.7763819095477387,
        -0.6385177236840587
      ],
      [
        -1.670854271356784,
        -0.6590377259395099
      ],
      [
        -1.571480845354389,
        -0.6859296482412063
      ],
      [
        -1.4949748743718594,
        -0.7113114480290054
      ],
      [
        -1.3894472361809047,
        -0.7497240814953602
      ],
      [
        -1.2889293196238731,
        -0.791457286432161
      ],
      [
        -1.178391959798995,
        -0.8466416514467558
      ],
      [
        -1.108040201005025,
        -0.8927293398978136
      ],
      [
        -1.0222088344058278,
        -0.9673366834170856
      ],
      [
        -0.9529920837695144,
        -1.0376884422110555
      ],
      [
        -0.8649740621986541,
        -1.1432160804020102
      ],
      [
        -0.8275541177056549,
        -1.21356783919598
      ],
      [
        -0.7789659025615314,
        -1.3190954773869348
      ],
      [
        -0.7363071065525134,
        -1.4246231155778895
      ],
      [
        -0.699714812159077,
        -1.5301507537688441
      ],
      [
        -0.678373104108286,
        -1.600502512562814
      ],
      [
        -0.6507537688442211,
        -1.70197375255653
      ],
      [
        -0.6330121520190094,
        -1.8115577889447234
      ],
      [
        -0.6168283238903434,
        -1.9170854271356783
      ],
      [
        -0.6053776018095062,
        -2.022613065326633
      ],
      [
        -0.5949988432344451,
        -2.1281407035175874
      ],
      [
        -0.5859481333199165,
        -2.233668341708543
      ],
      [
        -0.5822084410812151,
        -2.3391959798994977
      ],
      [
        -0.5820415349463114,
        -2.444723618090452
      ],
      [
        -0.581876003119414,
        -2.550251256281407
      ],
      [
        -0.5817118386223452,
        -2.6557788944723613
      ],
      [
        -0.5815490343667399,
        -2.7613065326633164
      ],
      [
        -0.5811587541775917,
        -2.8668341708542715
      ],
      [
        -0.5795112280148427,
        -2.972361809045226
      ],
      [
        -0.578410949767591,
        -3.077889447236181
      ],
      [
        -0.5775024817157383,
        -3.1834170854271355
      ],
      [
        -0.5767885999282041,
        -3.2889447236180906
      ],
      [
        -0.5762706757720777,
        -3.3944723618090453
      ],
      [
        -0.576091621406091,
        -3.5
      ]
    ],
    "0.3": [
      [
        -3.5,
        2.0853712882374906
      ],
      [
        -3.186245135856717,
        1.9874371859296485
      ],
      [
        -3.007537688442211,
        1.815756580297399
      ],
      [
        -2.690954773869347,
        1.7068124005739813
      ],
      [
        -2.866834170854272,
        1.5941701055362518
      ],
      [
        -2.7261306532663316,
        1.4310166372140265
      ],
      [
        -2.479899497487437,
        1.2686060504009786
      ],
      [
        -2.355918978875688,
        0.9321608040201008
      ],
      [
        -2.1633165829145726,
        0.667826894658613
      ],
      [
        -1.8975127583874005,
        0.43969849246231174
      ],
      [
        -1.6201556309264473,
        0.1934673366834172
      ],
      [
        -1.3754367921154464,
        -0.05276381909547734
      ],
      [
        -1.108040201005025,
        -0.28731878477732314
      ],
      [
        -0.8851052502174204,
        -0.5100502512562812
      ],
      [
        -0.6155778894472363,
        -0.7795873106742983
      ],
      [
        -0.36077794219632475,
        -1.0025125628140703
      ],
      [
        -0.12311557788944727,
        -1.2740389902752018
      ],
      [
        0.08793969849246208,
        -1.5152682215412687
      ],
      [
        0.3369735040671371,
        -1.7763819095477387
      ],
      [
        0.564801098072365,
        -2.057788944723618
      ],
      [
        0.8096364085619061,
        -2.3040201005025125
      ],
      [
        1.1432160804020102,
        -2.4286263302715545
      ],
      [
        1.424623115577889,
        -2.616270273931917
      ],
      [
        1.5653266331658289,
        -2.8954842421948075
      ],
      [
        1.6708542713567835,
        -2.7925000707082526
      ],
      [
        1.7803129080919335,
        -2.9020100502512562
      ],
      [
        1.9522613065326633,
        -3.18029160968431
      ],
      [
        2.0660866955210633,
        -3.35929648241206
      ],
      [
        1.8115577889447234,
        -3.1078852764887133
      ],
      [
        1.8115577889447234,
        -3.0477947800668885
      ],
      [
        -3.077889447236181,
        1.7819428960119044
      ],
      [
        -3.077889447236181,
        1.7819428960119044
      ],
      [
        -3.077889447236181,
        1.7819428960119044
      ],
      [
        -3.077889447236181,
        1.7819428960119044
      ],
      [
        -3.077889447236181,
        1.7819428960119044
      ],
      [
        -3.077889447236181,
        1.7819428960119044
      ],
      [
        -3.077889447236181,
        1.7819428960119044
      ],
      [
        -3.077889447236181,
        1.7819428960119044
      ],
      [
        -3.077889447236181,
        1.7819428960119044
      ],
      [
        -3.077889447236181,
        1.7819428960119044
      ],
      [
        -3.077889447236181,
        1.7819428960119044
      ],
      [
        -3.077889447236181,
        1.7819428960119044
      ],
      [
        -3.077889447236181,
        1.7819428960119044
      ],
      [
        -3.077889447236181,
        1.7819428960119044
      ],
      [
        -3.077889447236181,
        1.7819428960119044
      ],
      [
        -3.077889447236181,
        1.7819428960119044
      ],
      [
        -3.077889447236181,
        1.7819428960119044
      ],
      [
        -3.077889447236181,
        1.7819428960119044
      ],
      [
        -3.077889447236181,
        1.7819428960119044
      ],
      [
        -3.077889447236181,
        1.7819428960119044
      ]
    ],