{
  "G": 16,
  "tau": 2.0,
  "gamma": 0.5,
  "A_extrap_picard": {
    "max": 0.0756766744501075,
    "med": 7.591149930874508e-14,
    "u_viol": 0,
    "p_viol": 0
  },
  "B_proj_NK": {
    "max": 0.1251745282877471,
    "med": 4.5285997174460135e-13,
    "u_viol": 0,
    "p_viol": 0
  },
  "C_alternate": {
    "max": 0.12517437397382003,
    "med": 3.6548541970660153e-13,
    "u_viol": 0,
    "p_viol": 0
  },
  "E_LM": {
    "max": 0.013196858862271843,
    "med": 3.4511586836927233e-06,
    "u_viol": 0,
    "p_viol": 0
  }
}