{
  "params": {
    "G": 20,
    "UMAX": 5.0,
    "gamma": 0.5,
    "tau": 2.0
  },
  "1-R2": 0.19267780792568912,
  "slope": 0.28515574071587074,
  "intercept": -3.8214999116720094e-09,
  "n_triples": 8000,
  "n_total": 8000
}