iteration,residual_inf,revelation_deficit,max_fr_error,damping_used
1.0,0.05566407513662236,0.0020472541750564677,0.16665446321054933,0.15
