iteration,residual_inf,revelation_deficit,max_fr_error
1.0,1.1102230246251565e-16,1.1102230246251565e-16,1.1102230246251565e-16
