iteration,residual_inf,revelation_deficit,max_fr_error,damping_used
1.0,7.771561172376096e-16,0.0002214858093999572,0.1691740696212335,0.3
