iteration,residual_inf,revelation_deficit,max_fr_error
1.0,2.220446049250313e-16,2.220446049250313e-16,2.220446049250313e-16
