iteration,residual_inf,revelation_deficit,max_fr_error
1.0,8.881784197001252e-16,0.0002214858093999572,0.1691740696212335
