iteration,residual_inf,revelation_deficit,max_fr_error
1.0,2.3023749975426e-06,0.0002407517015630134,0.1589041529679472
2.0,2.2292166770299104e-06,0.0002407454459881775,0.15890261641205972
