iteration,residual_inf,revelation_deficit,max_fr_error
1.0,0.00023567440900296166,0.000497262230122475,0.1220951730115371
2.0,0.00021360544711035434,0.0005117313720230943,0.121788734000361
