{
  "paper_gammas": [
    {
      "gamma": 0.25,
      "tau": 2.0,
      "G": 14,
      "max": 0.021484442391787928,
      "med": 4.524158825347513e-14,
      "u_viol": 0,
      "p_viol": 0,
      "1-R^2": 0.12255173641234918,
      "slope": 0.2805297137657024,
      "status": "fallback_picard"
    },
    {
      "gamma": 4.0,
      "tau": 2.0,
      "G": 14,
      "max": 2.2426505097428162e-14,
      "med": 3.2612801348363973e-16,
      "u_viol": 0,
      "p_viol": 0,
      "1-R^2": 0.05783229942368728,
      "slope": 0.7177347610755445,
      "status": "no_strict"
    }
  ],
  "cara": {
    "gamma": 50.0,
    "tau": 2.0,
    "G": 14,
    "max": 8.423262087831063e-13,
    "med": 1.9567680809018384e-14,
    "u_viol": 0,
    "p_viol": 0,
    "1-R^2": 0.03684239719130078,
    "slope": 0.8235803479140161,
    "status": "no_strict"
  },
  "no_learning": [],
  "posteriors_table": null
}