{
  "gamma_extend": [
    {
      "phase": "gamma",
      "G": 14,
      "tau": 2.0,
      "gamma": 5.0,
      "max": 4.1300296516055823e-14,
      "med": 5.238864897449957e-16,
      "u_viol": 0,
      "p_viol": 0,
      "1-R^2": 0.05241752942888034,
      "slope": 0.7425008242950438,
      "elapsed_s": 490.75932025909424,
      "status": "no_strict_conv"
    },
    {
      "phase": "gamma",
      "G": 14,
      "tau": 2.0,
      "gamma": 10.0,
      "max": 1.0269562977782698e-13,
      "med": 1.2836953722228372e-15,
      "u_viol": 0,
      "p_viol": 0,
      "1-R^2": 0.044281348479902616,
      "slope": 0.7929216182996313,
      "elapsed_s": 489.267639875412,
      "status": "no_strict_conv"
    },
    {
      "phase": "gamma",
      "G": 14,
      "tau": 2.0,
      "gamma": 20.0,
      "max": 3.268496584496461e-13,
      "med": 6.99787450209044e-15,
      "u_viol": 0,
      "p_viol": 0,
      "1-R^2": 0.041522717240241036,
      "slope": 0.817640910164913,
      "elapsed_s": 504.3040997982025,
      "status": "no_strict_conv"
    },
    {
      "phase": "gamma",
      "G": 14,
      "tau": 2.0,
      "gamma": 30.0,
      "max": 5.013212067694894e-13,
      "med": 1.1476930517062556e-14,
      "u_viol": 0,
      "p_viol": 0,
      "1-R^2": 0.040394408511052915,
      "slope": 0.8246191668937111,
      "elapsed_s": 495.0955913066864,
      "status": "no_strict_conv"
    }
  ],
  "tau_extend": []
}