{
  "G": 15,
  "tau": 2.0,
  "gamma": 0.5,
  "dps": 100,
  "1-R^2": "0.0766435077264569522606206884099923892899888987107670221714397",
  "slope": "0.541180631955086971031013884579671619846350674615043558251993",
  "n_triples": 3375,
  "n_total": 3375
}