{
  "G_ladder": [
    {
      "G": 10,
      "tau": 2.0,
      "gamma": 0.5,
      "nk_status": "noconv",
      "phi_resid_max": 1.630067192337492e-10,
      "phi_resid_med": 4.0245584642661925e-14,
      "viol_u": 0,
      "viol_p": 0,
      "1-R^2": 0.5303261223971725,
      "slope": 0.07823922315983782,
      "elapsed_s": 17.798845767974854,
      "converged": false
    },
    {
      "G": 12,
      "tau": 2.0,
      "gamma": 0.5,
      "nk_status": "noconv",
      "phi_resid_max": 0.008772484032968264,
      "phi_resid_med": 1.8930794706880703e-06,
      "viol_u": 0,
      "viol_p": 16,
      "1-R^2": 0.9472523042064813,
      "slope": -0.044387920381510924,
      "elapsed_s": 13.711349964141846,
      "converged": false
    }
  ],
  "gamma_ladder": [],
  "tau_ladder": []
}