{
  "G": [
    {
      "phase": "G",
      "G": 10,
      "tau": 2.0,
      "gamma": 0.5,
      "max": 2.886579864025407e-15,
      "med": 1.1102230246251565e-16,
      "u_viol": 0,
      "p_viol": 0,
      "1-R^2": 0.12746097322313188,
      "slope": 0.35212713688191066,
      "elapsed_s": 138.93588423728943,
      "status": "strict_conv"
    }
  ],
  "gamma": [],
  "tau": []
}