{
  "results": [
    {
      "G": 14,
      "UMAX": 4.0,
      "picard_resid": 4.3298697960381105e-15,
      "nk_status": "ok",
      "residual_max": 5.662137425588298e-15,
      "residual_median": 3.903127820947816e-18,
      "strict_conv": true,
      "1-R^2": 0.10838458718524513,
      "slope": 0.3408693321280304,
      "n_samples": 2744,
      "elapsed_s": 0.4689304828643799,
      "active_cells": 176
    },
    {
      "G": 14,
      "UMAX": 4.0,
      "picard_resid": 5.662137425588298e-15,
      "nk_status": "ok",
      "residual_max": 5.551115123125783e-15,
      "residual_median": 6.071532165918825e-18,
      "strict_conv": true,
      "1-R^2": 0.10838458718524502,
      "slope": 0.3408693321280304,
      "n_samples": 2744,
      "elapsed_s": 0.46710634231567383,
      "active_cells": 176
    },
    {
      "G": 14,
      "UMAX": 5.0,
      "picard_resid": 0.42202811414458097,
      "nk_status": "noconv",
      "residual_max": 1.928132653539194e-10,
      "residual_median": 1.3149308031312756e-12,
      "strict_conv": false,
      "1-R^2": 0.1221627260189585,
      "slope": 0.34623802834516887,
      "n_samples": 2744,
      "elapsed_s": 448.33708930015564,
      "active_cells": 162
    },
    {
      "G": 14,
      "UMAX": 6.0,
      "picard_resid": 0.558361999224577,
      "nk_status": "err:ValueError",
      "residual_max": 0.4838901072439987,
      "residual_median": 9.230607256229667e-06,
      "strict_conv": false,
      "1-R^2": 0.2398223278395738,
      "slope": 0.29975296695721465,
      "n_samples": 2744,
      "elapsed_s": 122.64319896697998,
      "active_cells": 147
    }
  ],
  "params": {
    "tau": 2.0,
    "gamma": 0.5,
    "f_tol": 1e-14
  }
}