{
  "gamma_extend": [
    {
      "phase": "gamma",
      "G": 14,
      "tau": 2.0,
      "gamma": 5.0,
      "max": 4.1300296516055823e-14,
      "med": 5.238864897449957e-16,
      "u_viol": 0,
      "p_viol": 0,
      "1-R^2": 0.05241752942888034,
      "slope": 0.7425008242950438,
      "elapsed_s": 490.75932025909424,
      "status": "no_strict_conv"
    }
  ],
  "tau_extend": []
}