{
  "G": [
    {
      "phase": "G",
      "G": 10,
      "tau": 2.0,
      "gamma": 0.5,
      "max": 9.058309657916652e-13,
      "med": 3.530509218307998e-14,
      "u_viol": 0,
      "p_viol": 0,
      "1-R^2": 0.1274609732230636,
      "slope": 0.35212713688189967,
      "elapsed_s": 70.08247542381287,
      "status": "strict_conv"
    }
  ],
  "gamma": [],
  "tau": []
}