{
  "G_ladder": [
    {
      "G": 10,
      "tau": 2.0,
      "gamma": 0.5,
      "phi_resid_max": 0.18006825533343596,
      "phi_resid_med": 0.00022727110128873892,
      "phi_resid_l2": 0.06092563364447929,
      "viol_u": 0,
      "viol_p": 0,
      "1-R^2": 0.10779233322581583,
      "slope": 0.34401465722947977,
      "elapsed_s": 5.595612525939941,
      "good": true
    }
  ],
  "gamma_ladder": [],
  "tau_ladder": []
}