{
  "results": [
    {
      "G": 14,
      "UMAX": 4.0,
      "picard_resid": 4.3298697960381105e-15,
      "nk_status": "ok",
      "residual_max": 5.662137425588298e-15,
      "residual_median": 3.903127820947816e-18,
      "strict_conv": true,
      "1-R^2": 0.10838458718524513,
      "slope": 0.3408693321280304,
      "n_samples": 2744,
      "elapsed_s": 0.459395170211792,
      "active_cells": 176
    },
    {
      "G": 14,
      "UMAX": 4.0,
      "picard_resid": 5.662137425588298e-15,
      "nk_status": "ok",
      "residual_max": 5.551115123125783e-15,
      "residual_median": 6.071532165918825e-18,
      "strict_conv": true,
      "1-R^2": 0.10838458718524502,
      "slope": 0.3408693321280304,
      "n_samples": 2744,
      "elapsed_s": 0.45412588119506836,
      "active_cells": 176
    },
    {
      "G": 14,
      "UMAX": 4.5,
      "picard_resid": 0.5003148937387661,
      "nk_status": "ok",
      "residual_max": 5.9396931817445875e-15,
      "residual_median": 1.5178830414797062e-18,
      "strict_conv": true,
      "1-R^2": 0.11418769089610425,
      "slope": 0.34317705596258097,
      "n_samples": 2744,
      "elapsed_s": 8.797706365585327,
      "active_cells": 174
    }
  ],
  "params": {
    "tau": 2.0,
    "gamma": 0.5,
    "f_tol": 1e-14
  }
}