{
  "14": [
    {
      "trim": 0.0,
      "coverage_pct": 100,
      "max": 8.104628079763643e-15,
      "med": 3.191891195797325e-16,
      "u_viol": 0,
      "p_viol": 0,
      "1-R^2": 0.10827588109753683,
      "slope": 0.34084147710378254,
      "status": "strict_NK",
      "t": 285.85181069374084
    }
  ],
  "15": [
    {
      "trim": 0.0,
      "coverage_pct": 100,
      "max": 6.661338147750939e-15,
      "med": 1.1102230246251565e-16,
      "u_viol": 0,
      "p_viol": 0,
      "1-R^2": 0.11257613796071109,
      "slope": 0.34073194146122066,
      "status": "strict_NK",
      "t": 307.47778582572937
    }
  ],
  "16": [
    {
      "trim": 0.05,
      "coverage_pct": 90.0,
      "max": 6.106226635438361e-15,
      "med": 1.1102230246251565e-16,
      "u_viol": 0,
      "p_viol": 0,
      "1-R^2": 0.11033534893596253,
      "slope": 0.30999947965568175,
      "status": "strict_NK",
      "t": 367.35005474090576
    }
  ]
}