{
  "14": [
    {
      "trim": 0.0,
      "coverage_pct": 100,
      "max": 8.104628079763643e-15,
      "med": 3.191891195797325e-16,
      "u_viol": 0,
      "p_viol": 0,
      "1-R^2": 0.10827588109753683,
      "slope": 0.34084147710378254,
      "status": "strict_NK",
      "t": 285.85181069374084
    }
  ]
}