K,oneR2_g0.25,oneR2_g1.0,oneR2_g4.0
3,0.0840731,0.0134878,0.00119451
4,0.0810895,0.0122128,0.00105344
5,0.0753357,0.0110119,0.000928624
6,0.0698296,0.01,0.00082586
7,0.0653901,0.00913557,0.000739966
8,0.0608647,0.00841322,0.000670909
9,0.0568783,0.007778,0.000610704
10,0.0535977,0.00724019,0.000561077
