id,label,tau,gamma,Finf,oneR2
baseline,"baseline (equal γ=0.5, equal τ=2)","2,2,2","0.5,0.5,0.5",1.9673471585746652e-05,2.2381332853704805e-07
het_gamma,"het γ=(0.5,1,3), equal τ=2","2,2,2","0.5,1,3",0.00022401151045276237,2.8684535428036284e-06
het_tau,"equal γ=2, het τ=(1,2,3)","1,2,3","2,2,2",2.3897536332711355e-05,4.163724153238846e-07
aligned,"het γ + het τ aligned   (γ=(3,1,0.5), τ=(1,2,3))","1,2,3","3,1,0.5",0.0013543113962963252,3.319923119737833e-05
opposed,"het γ + het τ opposed   (γ=(0.5,1,3), τ=(1,2,3))","1,2,3","0.5,1,3",0.0018535095830563948,3.173417927593292e-05
extreme,"extreme opposed         (γ=(0.3,1,3), τ=(0.5,2,3))","0.5,2,3","0.3,1,3",0.002108110547653535,3.110356111168944e-05
