tau,V_g0.2,V_g1.0,V_g5.0
0.1000,0.0183082,0.00389789,0.000781902
0.2000,0.0497646,0.0117898,0.00236678
0.5000,0.118449,0.0348889,0.00710806
1.0000,0.179706,0.0619675,0.0128506
2.0000,0.236718,0.0955367,0.0202411
3.0000,0.257495,0.112293,0.0240904
5.0000,0.250411,0.120987,0.0263181
