K,oneR2_g0.2,oneR2_g1.0,oneR2_g5.0,oneR2_g1000.0
3,0.108924,0.0292679,0.00232998,0
4,0.0961452,0.0259495,0.00212078,0
5,0.0866528,0.0226182,0.00189358,0
6,0.0778281,0.0199532,0.00170017,0
7,0.0708531,0.0177942,0.00153623,0
8,0.0649077,0.0160277,0.00139245,0
9,0.0596315,0.0145606,0.00127363,0
10,0.0553081,0.0133588,0.00117476,0
