iteration,residual_inf,max_fr_error
1.0,7.771561172376096e-16,1.1102230246251565e-16
