iteration,residual_inf,max_fr_error
1.0,2.886579864025407e-15,7.938846381809797e-09
